{
  "roc_auc_macro_ovr": 0.9711390717590183,
  "avg_precision_macro": 0.9350282420553941
}