{
  "oof_acc": 0.9007633587786259,
  "oof_f1_macro": 0.8717531663236582,
  "n_train": 131,
  "n_infer": 33
}