{
  "oof_acc": 0.8702290076335878,
  "oof_f1_macro": 0.8426121944930722,
  "n_train": 131,
  "n_infer": 33
}