{
  "roc_auc_macro_ovr": 0.9574309035212725,
  "avg_precision_macro": 0.899147589847276
}